period,ger_senior_secondary_pct,pupil_teacher_ratio_elementary,revision,source_doc,source_url,page_ref,published_on,note
FY2014-15,48.0,26.0,Estimated,"U-DISE 2014-15 (NUEPA) - GER higher secondary (Classes 11-12); elementary PTR","https://udiseplus.gov.in/","GER by level; PTR",2016-03,"GER senior-secondary = enrolment Cl.11-12 / population aged 16-17"
FY2015-16,50.0,25.0,Estimated,"U-DISE 2015-16","https://udiseplus.gov.in/","GER by level; PTR",2017-03,""
FY2016-17,51.3,24.0,Provisional,"U-DISE 2016-17","https://udiseplus.gov.in/","GER by level; PTR",2018-03,""
FY2017-18,51.0,24.0,Provisional,"U-DISE 2017-18","https://udiseplus.gov.in/","GER by level; PTR",2019-03,""
FY2018-19,50.1,24.0,Provisional,"UDISE+ 2018-19","https://udiseplus.gov.in/","GER by level; PTR",2020-03,""
FY2019-20,51.4,26.5,Actual,"UDISE+ 2019-20 Report","https://udiseplus.gov.in/","GER by level; PTR",2021-07,""
FY2020-21,53.8,26.0,Actual,"UDISE+ 2020-21 Report","https://udiseplus.gov.in/","GER by level; PTR",2022-04,""
FY2021-22,57.6,24.1,Actual,"UDISE+ 2021-22 Report","https://udiseplus.gov.in/","GER by level; PTR",2023-01,"highest senior-secondary GER in the series"
FY2022-23,57.6,23.4,Actual,"UDISE+ 2022-23 Report","https://udiseplus.gov.in/","GER by level; PTR",2024-01,""
FY2023-24,56.2,23.3,Provisional,"UDISE+ 2023-24 Report","https://udiseplus.gov.in/","GER by level; PTR",2025-01,"total enrolment dipped in the revised UDISE+ headcount methodology"
FY2024-25,57.0,23.0,Estimated,"UDISE+ (provisional)","https://udiseplus.gov.in/","GER by level; PTR",2025-06,"provisional"
FY2025-26,57.5,23.0,Estimated,"UDISE+ (YTD)","https://udiseplus.gov.in/","GER by level; PTR",2026-07,"estimated"
