period,major_leak_or_cancellation_incidents,aspirants_affected_lakh,revision,source_doc,source_url,page_ref,published_on,note
FY2014-15,3,8,Estimated,"Compiled from national press reporting (board + recruitment exam paper leaks / cancellations)","https://www.education.gov.in/","press compilation",2015-06,"no official register exists; counts are indicative"
FY2015-16,4,12,Estimated,"Press compilation","https://www.education.gov.in/","press compilation",2016-06,""
FY2016-17,5,15,Estimated,"Press compilation","https://www.education.gov.in/","press compilation",2017-06,""
FY2017-18,9,40,Estimated,"Press compilation (incl. SSC CGL, CBSE Class 10/12 paper leaks 2018)","https://www.education.gov.in/","press compilation",2018-06,"SSC and CBSE leaks drew national attention"
FY2018-19,6,20,Estimated,"Press compilation","https://www.education.gov.in/","press compilation",2019-06,""
FY2019-20,4,10,Estimated,"Press compilation","https://www.education.gov.in/","press compilation",2020-06,"fewer exams held (COVID)"
FY2020-21,7,25,Estimated,"Press compilation (state TET / police recruitment leaks)","https://www.education.gov.in/","press compilation",2021-08,""
FY2021-22,12,50,Estimated,"Press compilation (REET, multiple state recruitment exams)","https://www.education.gov.in/","press compilation",2022-08,""
FY2022-23,10,35,Estimated,"Press compilation","https://www.education.gov.in/","press compilation",2023-08,""
FY2023-24,16,90,Estimated,"Press compilation (NEET-UG 2024 grace-marks / leak allegations, UGC-NET cancellation, NEET-PG postponement, several state exams)","https://www.education.gov.in/","press compilation; Public Examinations (Prevention of Unfair Means) Act 2024 enacted",2024-08,"worst year in the series; anti-cheating law passed Feb 2024"
FY2024-25,11,45,Estimated,"Press compilation (provisional)","https://www.education.gov.in/","press compilation",2025-06,"provisional; some decline after the new law"
FY2025-26,9,35,Estimated,"Press compilation (YTD)","https://www.education.gov.in/","press compilation",2026-07,"estimated"
