period,aser_std3_can_read_std2_pct,nas_grade3_language_pct,revision,source_doc,source_url,page_ref,published_on,note
FY2014-15,23.6,,Actual,"ASER 2014 (Pratham) - Std III children who can read a Std II level text (rural)","https://asercentre.org/","ASER 2014, Reading - Std III at Std II level",2015-01,"nationally ~23.6%"
FY2015-16,24.3,,Estimated,"Interpolated between ASER 2014 and ASER 2016","https://asercentre.org/","interpolation",2016-06,"no ASER reading round released for this year"
FY2016-17,25.1,,Actual,"ASER 2016 (Pratham)","https://asercentre.org/","ASER 2016, Reading - Std III at Std II level",2017-01,""
FY2017-18,26.1,68.0,Estimated,"Interpolated ASER; NAS 2017 Grade 3 language (NCERT)","https://asercentre.org/","interpolation; NAS 2017",2018-01,"NAS 2017 grade-3 language proficiency ~68%"
FY2018-19,27.2,,Actual,"ASER 2018 (Pratham)","https://asercentre.org/","ASER 2018, Reading - Std III at Std II level",2019-01,"pre-COVID peak of the series"
FY2019-20,25.5,,Estimated,"Trend estimate (no ASER field survey)","https://asercentre.org/","estimate",2020-06,""
FY2020-21,22.0,,Estimated,"ASER 2021 was phone-based (not comparable); trend estimate through school closures","https://asercentre.org/","estimate - pandemic learning loss",2021-11,"schools closed for much of the year"
FY2021-22,21.0,,Estimated,"Trend estimate ahead of ASER 2022","https://asercentre.org/","estimate",2022-06,""
FY2022-23,20.5,62.0,Actual,"ASER 2022 (Pratham); NAS 2021 Grade 3 language","https://asercentre.org/","ASER 2022, Reading - Std III at Std II level; NAS 2021",2023-01,"fell to 20.5%, below the pre-COVID level; NAS 2021 grade-3 language ~62%"
FY2023-24,22.0,,Estimated,"Trend estimate between ASER 2022 and ASER 2024","https://asercentre.org/","interpolation",2024-06,"partial recovery"
FY2024-25,23.4,,Actual,"ASER 2024 (Pratham)","https://asercentre.org/","ASER 2024, Reading - Std III at Std II level",2025-01,"recovered to 23.4% but still below the 2018 peak of 27.2%"
FY2025-26,24.0,,Estimated,"Trend estimate","https://asercentre.org/","estimate",2026-07,"estimated"
