period,capital_outlay_pct_gdp,capital_outlay_rs_000cr,revision,source_doc,source_url,page_ref,published_on,note
FY2014-15,0.79,94.6,Actual,"Union Budget — Defence Services Estimates, Capital Outlay (Actuals); MoSPI Nominal GDP","https://www.indiabudget.gov.in/","Demand for Grants — Defence (Capital)",2016-02,"capital outlay on Defence Services / nominal GDP"
FY2015-16,0.74,79.9,Actual,"Union Budget — DSE Capital Outlay (Actuals)","https://www.indiabudget.gov.in/","Demand for Grants — Defence (Capital)",2017-02,"one-off dip"
FY2016-17,0.72,86.4,Actual,"Union Budget — DSE Capital Outlay (Actuals)","https://www.indiabudget.gov.in/","Demand for Grants — Defence (Capital)",2018-02,""
FY2017-18,0.70,90.4,Actual,"Union Budget — DSE Capital Outlay (Actuals)","https://www.indiabudget.gov.in/","Demand for Grants — Defence (Capital)",2019-02,""
FY2018-19,0.68,95.2,Actual,"Union Budget — DSE Capital Outlay (Actuals); PRS Defence budget brief","https://www.indiabudget.gov.in/","Demand for Grants — Defence (Capital)",2020-02,"capital share has drifted down as pensions + pay rose"
FY2019-20,0.66,110.4,Actual,"Union Budget — DSE Capital Outlay (Actuals)","https://www.indiabudget.gov.in/","Demand for Grants — Defence (Capital)",2021-02,""
FY2020-21,0.68,134.0,Actual,"Union Budget — DSE Capital Outlay (Actuals)","https://www.indiabudget.gov.in/","Demand for Grants — Defence (Capital)",2022-02,"Ladakh stand-off; emergency procurement"
FY2021-22,0.61,138.6,Actual,"Union Budget — DSE Capital Outlay (Actuals)","https://www.indiabudget.gov.in/","Demand for Grants — Defence (Capital)",2023-02,""
FY2022-23,0.56,150.0,Actual,"Union Budget 2024-25 — DSE Capital Outlay (Actuals)","https://www.indiabudget.gov.in/","Demand for Grants — Defence (Capital)",2024-02,"nominal outlay up but GDP grew faster"
FY2023-24,0.54,159.0,Provisional,"Union Budget 2025-26 — DSE Capital Outlay (RE/Provisional)","https://www.indiabudget.gov.in/","Demand for Grants — Defence (Capital)",2025-02,"confirm against CGA year-end accounts"
FY2024-25,0.55,168.0,Revised,"Union Budget 2025-26 — DSE Capital Outlay (Revised Estimate)","https://www.indiabudget.gov.in/","Demand for Grants — Defence (Capital)",2025-02,"RE"
FY2025-26,0.56,180.0,BudgetEstimate,"Union Budget 2025-26 — DSE Capital Outlay (Budget Estimate)","https://www.indiabudget.gov.in/","Demand for Grants — Defence (Capital)",2025-02,"BE ~Rs 1.80 lakh crore; replace with actual once published"
