period,domestic_procurement_share_pct,domestic_production_value_rs_000cr,revision,source_doc,source_url,page_ref,published_on,note
FY2014-15,40.0,46.4,Estimated,"MoD / DDP Annual Report — share of capital acquisition from Indian vendors; value of defence production","https://www.mod.gov.in/","Defence production + indigenisation",2016-03,"pre-2016 baseline; ~40% of capital procurement domestic"
FY2015-16,42.0,55.9,Estimated,"MoD / DDP Annual Report","https://www.mod.gov.in/","Defence production + indigenisation",2017-03,""
FY2016-17,45.0,55.5,Estimated,"MoD / DDP Annual Report","https://www.mod.gov.in/","Defence production + indigenisation",2018-03,""
FY2017-18,52.0,58.9,Estimated,"MoD / DDP Annual Report","https://www.mod.gov.in/","Defence production + indigenisation",2019-03,""
FY2018-19,54.0,65.1,Provisional,"MoD press / PIB — ~54% of capital procurement from domestic sources","https://www.mod.gov.in/","Indigenisation share",2020-03,""
FY2019-20,58.0,79.1,Provisional,"MoD / PIB — domestic capital procurement share","https://www.mod.gov.in/","Indigenisation share",2021-03,""
FY2020-21,64.0,84.6,Provisional,"MoD / PIB — 64% of modernisation budget earmarked for domestic industry","https://www.mod.gov.in/","Indigenisation share",2022-03,""
FY2021-22,64.0,95.0,Provisional,"MoD / PIB","https://www.mod.gov.in/","Indigenisation share",2023-03,""
FY2022-23,68.0,108.7,Provisional,"MoD / PIB — ~68% domestic; defence production crossed Rs 1 lakh crore","https://www.mod.gov.in/","Indigenisation share + production value",2024-03,"licensed / assembled production of foreign designs counts as domestic"
FY2023-24,75.0,126.9,Provisional,"MoD / PIB — record defence production ~Rs 1.27 lakh crore; ~75% procurement domestic","https://www.mod.gov.in/","Indigenisation share + production value",2024-08,"75% target for FY24 met on the procurement-budget measure"
FY2024-25,75.0,146.0,Estimated,"MoD / PIB (provisional)","https://www.mod.gov.in/","Indigenisation share + production value",2025-06,"provisional"
FY2025-26,78.0,160.0,Estimated,"MoD target / YTD","https://www.mod.gov.in/","Indigenisation share + production value",2026-07,"estimated; toward the ~Rs 3 lakh crore by 2029 production target"
