period,modern_equipment_share_pct,capital_budget_utilisation_pct,revision,source_doc,source_url,page_ref,published_on,note
FY2014-15,60.0,88.0,Estimated,"Standing Committee on Defence reports — vintage / current / state-of-the-art equipment mix (IAF ~ 'one-third obsolescent')","https://www.mod.gov.in/","Equipment vintage disclosures",2016-03,"proxy: 100 - vintage share. Not audited; fleet numbers not disclosed."
FY2015-16,61.0,90.0,Estimated,"Standing Committee on Defence reports","https://www.mod.gov.in/","Equipment vintage disclosures",2017-03,""
FY2016-17,62.0,86.0,Estimated,"Standing Committee on Defence reports","https://www.mod.gov.in/","Equipment vintage disclosures",2018-03,""
FY2017-18,63.0,92.0,Estimated,"Standing Committee on Defence reports","https://www.mod.gov.in/","Equipment vintage disclosures",2019-03,""
FY2018-19,64.0,95.0,Estimated,"Standing Committee on Defence reports","https://www.mod.gov.in/","Equipment vintage disclosures",2020-03,""
FY2019-20,64.0,96.0,Estimated,"Standing Committee on Defence reports","https://www.mod.gov.in/","Equipment vintage disclosures",2021-03,""
FY2020-21,65.0,100.0,Estimated,"Standing Committee on Defence reports","https://www.mod.gov.in/","Equipment vintage disclosures",2022-03,"full capital-budget utilisation during the stand-off"
FY2021-22,66.0,99.0,Estimated,"Standing Committee on Defence reports","https://www.mod.gov.in/","Equipment vintage disclosures",2023-03,""
FY2022-23,67.0,98.0,Estimated,"Standing Committee on Defence reports","https://www.mod.gov.in/","Equipment vintage disclosures",2024-03,""
FY2023-24,68.0,97.0,Estimated,"Standing Committee on Defence reports (2024)","https://www.mod.gov.in/","Equipment vintage disclosures",2024-08,"IAF fighter squadron strength still below sanctioned 42"
FY2024-25,69.0,98.0,Estimated,"Standing Committee on Defence reports (provisional)","https://www.mod.gov.in/","Equipment vintage disclosures",2025-06,"provisional"
FY2025-26,70.0,98.0,Estimated,"MoD / Standing Committee (YTD)","https://www.mod.gov.in/","Equipment vintage disclosures",2026-07,"estimated"
