period,km_per_day,total_km_constructed,revision,source_doc,source_url,page_ref,published_on,note
FY2014-15,12.1,4410,Actual,"MoRTH Annual Report / PIB — NH construction, km per day","https://morth.nic.in/","NH construction pace",2015-06,"km/day = NH km constructed in the year / 365"
FY2015-16,16.6,6061,Actual,"MoRTH Annual Report / PIB","https://morth.nic.in/","NH construction pace",2016-06,""
FY2016-17,22.5,8231,Actual,"MoRTH Annual Report / PIB","https://morth.nic.in/","NH construction pace",2017-06,""
FY2017-18,28.6,10237,Actual,"MoRTH Annual Report / PIB","https://morth.nic.in/","NH construction pace",2018-06,""
FY2018-19,29.7,10855,Actual,"MoRTH Annual Report / PIB","https://morth.nic.in/","NH construction pace",2019-06,""
FY2019-20,28.4,10237,Actual,"MoRTH Annual Report / PIB","https://morth.nic.in/","NH construction pace",2020-06,""
FY2020-21,37.0,13327,Actual,"MoRTH / PIB — record NH construction FY2020-21","https://morth.nic.in/","NH construction pace",2021-06,"all-time record ~37 km/day"
FY2021-22,28.6,10457,Actual,"MoRTH Annual Report / PIB","https://morth.nic.in/","NH construction pace",2022-06,"pulled back from the record"
FY2022-23,28.3,10331,Actual,"MoRTH Annual Report / PIB","https://morth.nic.in/","NH construction pace",2023-06,""
FY2023-24,34.0,12349,Actual,"MoRTH / PIB — FY2023-24 NH construction","https://morth.nic.in/","NH construction pace",2024-06,"back above 30 km/day"
FY2024-25,30.0,10950,Provisional,"MoRTH / PIB (provisional)","https://morth.nic.in/","NH construction pace",2025-05,"provisional; below the ~13,000 km target"
FY2025-26,32.0,11680,Estimated,"MoRTH YTD","https://morth.nic.in/","NH construction pace",2026-07,"estimated"
