period,logistics_cost_pct_gdp,revision,source_doc,source_url,page_ref,published_on,note
FY2014-15,14.0,Estimated,"Legacy figure widely quoted in Economic Survey / industry commentary (no rigorous cost build-up)","https://dpiit.gov.in/","legacy estimate",2016-02,"the '13-14% of GDP' figure has no rigorous methodological basis; kept only for context"
FY2015-16,13.8,Estimated,"Legacy estimate","https://dpiit.gov.in/","legacy estimate",2017-02,""
FY2016-17,13.5,Estimated,"Legacy estimate","https://dpiit.gov.in/","legacy estimate",2018-02,""
FY2017-18,13.3,Estimated,"Legacy estimate","https://dpiit.gov.in/","legacy estimate",2019-02,""
FY2018-19,13.0,Estimated,"Legacy estimate","https://dpiit.gov.in/","legacy estimate",2020-02,""
FY2019-20,13.0,Estimated,"Legacy estimate; transition to NCAER-DPIIT study methodology","https://dpiit.gov.in/","legacy estimate",2021-02,""
FY2020-21,9.4,Estimated,"NCAER–DPIIT 'Assessment of Logistics Cost in India' (back-cast)","https://dpiit.gov.in/","NCAER-DPIIT study - headline logistics cost as % of GDP",2023-12,"first rigorous bottom-up estimate; far below the legacy figure"
FY2021-22,8.9,Provisional,"NCAER–DPIIT 'Assessment of Logistics Cost in India' (released 2023-24)","https://dpiit.gov.in/","NCAER-DPIIT study - headline result for FY2021-22 (range 7.8-8.9%)",2023-12,"headline ~8.9% (upper bound); lower-bound estimate ~7.8%"
FY2022-23,8.6,Provisional,"NCAER–DPIIT study update","https://dpiit.gov.in/","NCAER-DPIIT study - provisional update",2024-12,"gradual decline as PM Gati Shakti / NLP measures take effect"
FY2023-24,8.4,Provisional,"NCAER–DPIIT study update (provisional)","https://dpiit.gov.in/","NCAER-DPIIT study - provisional",2025-06,"provisional"
FY2024-25,8.2,Estimated,"DPIIT / NCAER (provisional)","https://dpiit.gov.in/","provisional",2025-12,"provisional"
FY2025-26,8.0,Estimated,"DPIIT target trajectory / YTD","https://dpiit.gov.in/","estimate",2026-07,"estimated; NLP aims for single digits well below 10%"
