period,road_share_pct,rail_share_pct,other_share_pct,revision,source_doc,source_url,page_ref,published_on,note
FY2014-15,62.0,31.0,7.0,Estimated,"NITI Aayog 'Fast Tracking Freight in India' / National Rail Plan baseline + MoRTH road freight estimates","https://www.niti.gov.in/","Freight modal split (tonne-km): Road / Rail / Pipeline+Coastal+IWT",2020-06,"road share of TOTAL inland freight tonne-km. Road and rail measured by different agencies - not one reconciled survey."
FY2015-16,63.0,30.0,7.0,Estimated,"NITI Aayog NRP baseline + MoRTH","https://www.niti.gov.in/","Freight modal split",2020-06,""
FY2016-17,64.0,29.0,7.0,Estimated,"NITI Aayog NRP baseline + MoRTH","https://www.niti.gov.in/","Freight modal split",2020-06,""
FY2017-18,65.0,28.0,7.0,Estimated,"National Rail Plan (2020)","https://indianrailways.gov.in/","NRP - modal share",2021-01,""
FY2018-19,65.5,27.5,7.0,Estimated,"National Rail Plan (2020)","https://indianrailways.gov.in/","NRP - modal share",2021-01,""
FY2019-20,66.0,27.0,7.0,Estimated,"National Rail Plan (2020)","https://indianrailways.gov.in/","NRP - modal share",2021-01,"road dominance at its peak"
FY2020-21,64.5,28.0,7.5,Estimated,"NITI Aayog / Railways (COVID hit road freight harder)","https://www.niti.gov.in/","Freight modal split",2022-06,""
FY2021-22,65.0,27.5,7.5,Estimated,"NITI Aayog 'Improving Rail Efficiency and Share' (2025)","https://www.niti.gov.in/","Rail freight share analysis",2025-03,""
FY2022-23,65.1,27.4,7.5,Estimated,"NITI Aayog 'Improving Rail Efficiency and Share' (2025)","https://www.niti.gov.in/","Rail freight share analysis",2025-03,""
FY2023-24,64.5,28.0,7.5,Provisional,"Railway Board briefings - rail share ~28%","https://indianrailways.gov.in/","Railway Board freight-share statement",2025-07,"NLP / NRP target: rail share to 45% by 2030"
FY2024-25,63.7,29.0,7.3,Provisional,"Railway Board - rail freight share ~29% in FY2024-25","https://indianrailways.gov.in/","Railway Board / PIB",2025-07,"confirm against NRP monitoring"
FY2025-26,63.7,29.0,7.3,Estimated,"Railway Board monitoring (YTD)","https://indianrailways.gov.in/","Railway Board",2026-07,"estimated"
