period,freight_loaded_mt,ntkm_billion,target_freight_mt,revision,source_doc,source_url,page_ref,published_on,note
FY2014-15,1095.3,681.7,,Actual,"Indian Railways Year Book 2014-15 / Statistical Statements",https://indianrailways.gov.in/,Year Book - Freight Traffic,2016-03,"originating revenue-earning freight, Million Tonnes"
FY2015-16,1104.2,654.5,,Actual,"Indian Railways Year Book 2015-16",https://indianrailways.gov.in/,Year Book - Freight Traffic,2017-03,""
FY2016-17,1109.3,620.2,,Actual,"Indian Railways Year Book 2016-17",https://indianrailways.gov.in/,Year Book - Freight Traffic,2018-03,""
FY2017-18,1160.2,654.9,,Actual,"Indian Railways Year Book 2017-18",https://indianrailways.gov.in/,Year Book - Freight Traffic,2019-03,""
FY2018-19,1223.0,738.9,,Actual,"Indian Railways Year Book 2018-19",https://indianrailways.gov.in/,Year Book - Freight Traffic,2020-03,""
FY2019-20,1210.0,708.7,,Actual,"Indian Railways Year Book 2019-20",https://indianrailways.gov.in/,Year Book - Freight Traffic,2021-03,""
FY2020-21,1233.2,650.0,,Actual,"Indian Railways Year Book 2020-21 / PIB",https://indianrailways.gov.in/,Year Book - Freight Traffic,2022-03,"COVID year; freight held up better than passenger"
FY2021-22,1418.1,753.7,,Actual,"Indian Railways / PIB freight-loading releases",https://indianrailways.gov.in/,PIB monthly freight loading,2022-04,"strong post-COVID rebound"
FY2022-23,1512.0,801.0,,Actual,"Indian Railways / PIB freight-loading releases",https://indianrailways.gov.in/,PIB monthly freight loading,2023-04,""
FY2023-24,1591.2,842.0,,Provisional,"Indian Railways / PIB freight-loading releases FY2023-24",https://indianrailways.gov.in/,PIB monthly freight loading,2024-04,"confirm against Year Book"
FY2024-25,1617.0,858.0,,Provisional,"PIB freight-loading release (year-end)",https://pib.gov.in/,PIB freight loading,2025-04,"weak growth year; confirm"
FY2025-26,1670.0,890.0,,Provisional,"PIB freight-loading release (year-end) - 1,670 MT, +3.25% YoY",https://pib.gov.in/,PIB freight loading,2026-04,"1,670 MT reported for FY2025-26; NTKM estimated"
