period,rail_share_pct,road_share_pct,other_share_pct,revision,source_doc,source_url,page_ref,published_on,note
FY2014-15,31.0,62.0,7.0,Estimated,"NITI Aayog 'Fast Tracking Freight in India' / National Rail Plan baseline + MoRTH road freight estimates",https://www.niti.gov.in/,"Freight modal split (tonne-km): Rail / Road / Pipeline+Coastal+IWT",2020-06,"Rail share of TOTAL freight tonne-km (NRP basis, ~27-31% range). Rail and road measured by different agencies; not one reconciled survey."
FY2015-16,30.0,63.0,7.0,Estimated,"NITI Aayog NRP baseline + MoRTH",https://www.niti.gov.in/,Freight modal split,2020-06,""
FY2016-17,29.0,64.0,7.0,Estimated,"NITI Aayog NRP baseline + MoRTH",https://www.niti.gov.in/,Freight modal split,2020-06,""
FY2017-18,28.0,65.0,7.0,Estimated,"National Rail Plan (2020) - baseline modal share ~27-28%",https://indianrailways.gov.in/,National Rail Plan - modal share,2021-01,""
FY2018-19,27.5,65.5,7.0,Estimated,"National Rail Plan (2020)",https://indianrailways.gov.in/,National Rail Plan - modal share,2021-01,"NRP cites ~27% baseline"
FY2019-20,27.0,66.0,7.0,Estimated,"National Rail Plan (2020)",https://indianrailways.gov.in/,National Rail Plan - modal share,2021-01,""
FY2020-21,28.0,64.5,7.5,Estimated,"NITI Aayog / Railways (COVID reduced road freight more than rail)",https://www.niti.gov.in/,Freight modal split,2022-06,""
FY2021-22,27.5,65.0,7.5,Estimated,"NITI Aayog 'Improving Rail Efficiency and Share' (2025)",https://www.niti.gov.in/,Rail freight share analysis,2025-03,""
FY2022-23,27.4,65.1,7.5,Estimated,"NITI Aayog 'Improving Rail Efficiency and Share' (2025)",https://www.niti.gov.in/,Rail freight share analysis,2025-03,""
FY2023-24,28.0,64.5,7.5,Provisional,"Railway Board briefings - rail freight share ~28%",https://indianrailways.gov.in/,Railway Board freight-share statement,2025-07,"Railway Board targets raising share from ~28% to 35%, then 45% by 2030"
FY2024-25,29.0,63.7,7.3,Provisional,"Railway Board - freight share increased to ~29% in FY2024-25",https://indianrailways.gov.in/,Railway Board / PIB,2025-07,"confirm against NRP monitoring"
FY2025-26,29.0,63.7,7.3,Estimated,"Railway Board monitoring (YTD)",https://indianrailways.gov.in/,Railway Board,2026-07,"estimated"
