period,budget_utilisation_pct,budget_allocated_rs_cr,revision,source_doc,source_url,page_ref,published_on,note
FY2016-17,20.0,170,Estimated,"Union Budget Outcome Budget (MSDE) - NAPS allocation vs expenditure; Standing Committee on Labour reports","https://www.msde.gov.in/","NAPS allocation vs actual expenditure",2018-03,"NAPS launched 2016; very low initial uptake"
FY2017-18,30.0,220,Estimated,"MSDE Outcome Budget; Standing Committee on Labour","https://www.msde.gov.in/","NAPS allocation vs expenditure",2019-03,"Standing Committee repeatedly flagged under-utilisation"
FY2018-19,42.0,470,Estimated,"MSDE Outcome Budget","https://www.msde.gov.in/","NAPS allocation vs expenditure",2020-03,""
FY2019-20,50.0,430,Estimated,"MSDE Outcome Budget","https://www.msde.gov.in/","NAPS allocation vs expenditure",2021-03,""
FY2020-21,38.0,300,Estimated,"MSDE Outcome Budget","https://www.msde.gov.in/","NAPS allocation vs expenditure",2022-03,"COVID disruption to workplace apprenticeships"
FY2021-22,58.0,550,Estimated,"MSDE Outcome Budget","https://www.msde.gov.in/","NAPS allocation vs expenditure",2023-03,"NAPS 2.0 push"
FY2022-23,68.0,600,Estimated,"MSDE Outcome Budget / Demand for Grants","https://www.msde.gov.in/","NAPS allocation vs expenditure",2024-03,""
FY2023-24,75.0,1050,Provisional,"MSDE Demand for Grants 2024-25 (RE vs BE)","https://www.msde.gov.in/","NAPS + NATS allocation vs expenditure",2024-07,"utilisation improving as stipend reimbursement moved to DBT"
FY2024-25,80.0,1200,Estimated,"MSDE Demand for Grants (provisional)","https://www.msde.gov.in/","NAPS + NATS allocation vs expenditure",2025-06,"provisional"
FY2025-26,80.0,1500,Estimated,"MSDE Demand for Grants 2025-26 (YTD)","https://www.msde.gov.in/","NAPS + NATS allocation vs expenditure",2026-07,"estimated; placement conversion still the weak link"
