period,neet_15_29_pct,female_neet_15_29_pct,revision,source_doc,source_url,page_ref,published_on,note
FY2014-15,30.5,49.0,Estimated,"NSSO 2011-12 employment round carried forward; ILO estimates (pre-PLFS, not strictly comparable)","https://www.mospi.gov.in/","NEET 15-29, usual status",2016-06,"pre-PLFS; methodology break at FY2017-18"
FY2015-16,30.3,49.0,Estimated,"Pre-PLFS estimate","https://www.mospi.gov.in/","NEET 15-29",2017-06,""
FY2016-17,30.0,48.5,Estimated,"Pre-PLFS estimate","https://www.mospi.gov.in/","NEET 15-29",2018-06,""
FY2017-18,30.5,48.7,Actual,"PLFS 2017-18 Annual Report (MoSPI)","https://www.mospi.gov.in/","NEET 15-29, usual status",2019-05,"first PLFS; ~30% of 15-29s NEET, female NEET ~5x male"
FY2018-19,30.2,48.0,Actual,"PLFS 2018-19 Annual Report","https://www.mospi.gov.in/","NEET 15-29",2020-06,""
FY2019-20,28.9,46.5,Actual,"PLFS 2019-20 Annual Report","https://www.mospi.gov.in/","NEET 15-29",2021-07,""
FY2020-21,28.0,45.0,Actual,"PLFS 2020-21 Annual Report","https://www.mospi.gov.in/","NEET 15-29",2022-06,"pandemic year - some withdrawal into 'not seeking'"
FY2021-22,28.4,45.2,Actual,"PLFS 2021-22 Annual Report; ILO-IHD India Employment Report 2024","https://www.mospi.gov.in/","NEET 15-29",2023-06,"India Employment Report 2024 flags youth NEET as structurally high"
FY2022-23,27.3,44.0,Actual,"PLFS 2022-23 Annual Report","https://www.mospi.gov.in/","NEET 15-29",2023-10,""
FY2023-24,25.8,42.0,Provisional,"PLFS 2023-24 Annual Report","https://www.mospi.gov.in/","NEET 15-29",2024-09,"gradual decline; still far above the 15-18% target range"
FY2024-25,24.9,41.0,Estimated,"PLFS quarterly bulletins (provisional)","https://www.mospi.gov.in/","NEET 15-29",2025-06,"provisional"
FY2025-26,24.5,40.5,Estimated,"PLFS YTD","https://www.mospi.gov.in/","NEET 15-29",2026-07,"estimated"
