period,oil_import_dependence_pct,net_oil_imports_mt,petroleum_consumption_mt,domestic_crude_production_mt,net_crude_imports_mt,revision,source_doc,source_url,page_ref,published_on,note
FY2014-15,78.3,,,37.5,189.4,Actual,"PPAC - Import/Export of Crude Oil & Petroleum Products; PPAC Ready Reckoner",https://ppac.gov.in/,"Import dependency table",2015-05,"headline = PPAC oil-import-dependency (crude+products, consumption basis)"
FY2015-16,80.6,,,36.9,202.8,Actual,"PPAC - Import dependency; Ready Reckoner",https://ppac.gov.in/,Import dependency table,2016-05,""
FY2016-17,82.1,,,36.0,213.9,Actual,"PPAC - Import dependency; Ready Reckoner",https://ppac.gov.in/,Import dependency table,2017-05,""
FY2017-18,82.9,,,35.7,220.4,Actual,"PPAC - Import dependency; Ready Reckoner",https://ppac.gov.in/,Import dependency table,2018-05,""
FY2018-19,83.8,,,34.2,226.5,Actual,"PPAC - Import dependency; Ready Reckoner",https://ppac.gov.in/,Import dependency table,2019-05,""
FY2019-20,85.0,,,32.2,227.0,Actual,"PPAC - Import dependency; Ready Reckoner",https://ppac.gov.in/,Import dependency table,2020-05,""
FY2020-21,84.4,,,30.5,196.5,Actual,"PPAC - Import dependency; Ready Reckoner",https://ppac.gov.in/,Import dependency table,2021-05,"COVID demand drop"
FY2021-22,85.5,,,29.7,212.4,Actual,"PPAC - Import dependency; Ready Reckoner",https://ppac.gov.in/,Import dependency table,2022-05,""
FY2022-23,87.4,,,29.2,232.4,Actual,"PPAC - Import dependency; Ready Reckoner",https://ppac.gov.in/,Import dependency table,2023-05,""
FY2023-24,87.7,,,29.4,232.5,Actual,"PPAC - Import dependency; Ready Reckoner FY2023-24",https://ppac.gov.in/,Import dependency table,2024-05,"widely quoted 87.7-87.8%"
FY2024-25,88.2,,,28.7,245.0,Provisional,"PPAC - Ready Reckoner / Snapshot (provisional)",https://ppac.gov.in/,Import dependency table,2025-05,"provisional; confirm against PPAC year-end"
FY2025-26,88.5,,,28.5,250.0,Estimated,"PPAC - Snapshot of India's Oil & Gas Data (monthly, YTD)",https://ppac.gov.in/,Snapshot - import dependency,2026-07,"estimated from YTD; replace with PPAC FY2025-26 final"
