period,gross_tax_revenue_rs_cr,gross_tax_to_gdp_pct,direct_tax_rs_cr,indirect_tax_rs_cr,net_tax_centre_rs_cr,revision,source_doc,source_url,page_ref,published_on,note
FY2014-15,1244885,9.98,695792,549093,903615,Actual,"CBDT Time-Series Data / Union Budget 2016-17 Receipt Budget",https://incometaxindia.gov.in/Pages/Direct-Taxes-Data.aspx,Time-Series Data Table 1.1,2016-02,"gross tax revenue of the Centre; splits from CBDT/CBIC"
FY2015-16,1455648,10.57,741945,713703,943765,Actual,"CBDT Time-Series Data / Union Budget 2017-18 Receipt Budget",https://incometaxindia.gov.in/Pages/Direct-Taxes-Data.aspx,Time-Series Data Table 1.1,2017-02,""
FY2016-17,1715822,11.15,849818,866004,1101372,Actual,"CBDT Time-Series Data / Union Budget 2018-19 Receipt Budget",https://incometaxindia.gov.in/Pages/Direct-Taxes-Data.aspx,Time-Series Data Table 1.1,2018-02,""
FY2017-18,1919008,11.22,1002037,916961,1242488,Actual,"CBDT Time-Series Data / Union Budget 2019-20 Receipt Budget",https://incometaxindia.gov.in/Pages/Direct-Taxes-Data.aspx,Time-Series Data Table 1.1,2019-02,"GST first (partial) year"
FY2018-19,2080465,11.01,1137685,942780,1317211,Actual,"CBDT Time-Series Data / Union Budget 2020-21 Receipt Budget",https://incometaxindia.gov.in/Pages/Direct-Taxes-Data.aspx,Time-Series Data Table 1.1,2020-02,""
FY2019-20,2010059,10.01,1050681,959378,1356902,Actual,"CBDT Time-Series Data / Union Budget 2021-22 Receipt Budget",https://incometaxindia.gov.in/Pages/Direct-Taxes-Data.aspx,Time-Series Data Table 1.1,2021-02,"pre-COVID slowdown + corporate tax rate cut"
FY2020-21,2027104,10.23,947176,1079928,1426287,Actual,"CBDT Time-Series Data / Union Budget 2022-23 Receipt Budget",https://incometaxindia.gov.in/Pages/Direct-Taxes-Data.aspx,Time-Series Data Table 1.1,2022-02,"COVID"
FY2021-22,2709315,11.45,1412267,1297048,1804791,Actual,"CBDT Time-Series Data / Union Budget 2023-24 Receipt Budget",https://incometaxindia.gov.in/Pages/Direct-Taxes-Data.aspx,Time-Series Data Table 1.1,2023-02,"strong recovery"
FY2022-23,3054192,11.33,1667474,1386718,2097705,Actual,"CBDT Time-Series Data / Union Budget 2024-25 Receipt Budget",https://incometaxindia.gov.in/Pages/Direct-Taxes-Data.aspx,Time-Series Data Table 1.1,2024-02,""
FY2023-24,3462036,11.72,1963031,1499005,2330000,Provisional,"CBDT provisional / Union Budget 2025-26 Receipt Budget",https://incometaxindia.gov.in/Pages/Direct-Taxes-Data.aspx,Receipt Budget,2025-02,"direct tax provisional ~19.6 lakh cr; confirm final"
FY2024-25,3828000,11.78,2537000,1291000,2560000,Revised,"Union Budget 2025-26 Receipt Budget (Revised Estimate)",https://www.indiabudget.gov.in/,Receipt Budget,2025-02,"RE; confirm against provisional actuals"
FY2025-26,4270000,11.85,2789000,1481000,2837000,BudgetEstimate,"Union Budget 2025-26 Receipt Budget (Budget Estimate)",https://www.indiabudget.gov.in/,Receipt Budget,2025-02,"BE"
