period,scrutiny_assessments_000,notices_143_2_148_000,appeals_pending_000,disputed_demand_raised_rs_cr,disputed_demand_recovered_rs_cr,revision,source_doc,source_url,page_ref,published_on,note
FY2014-15,340,470,388,,,Estimated,"CBDT Annual Report 2014-15 + CAG Report on Direct Taxes",https://incometaxindia.gov.in/Pages/Direct-Taxes-Data.aspx,"Annual Report — Assessment & Appeals chapters",2015-12,"COMPOSITE PROXY — no official 'harassment index'. appeals_pending = CIT(A) + ITAT + High Court, in '000. All rows pending confirmation from the specific CBDT Annual Report / Parliament tables (GAPS)."
FY2015-16,318,455,415,,,Estimated,"CBDT Annual Report 2015-16 + CAG",https://incometaxindia.gov.in/Pages/Direct-Taxes-Data.aspx,Annual Report,2016-12,"proxy"
FY2016-17,300,440,450,,,Estimated,"CBDT Annual Report 2016-17 + CAG",https://incometaxindia.gov.in/Pages/Direct-Taxes-Data.aspx,Annual Report,2017-12,"proxy; demonetisation-year notices"
FY2017-18,262,430,490,,,Estimated,"CBDT Annual Report 2017-18 + CAG",https://incometaxindia.gov.in/Pages/Direct-Taxes-Data.aspx,Annual Report,2018-12,"proxy; CIT(A) pendency ~3.9 lakh"
FY2018-19,206,415,530,,,Estimated,"CBDT Annual Report 2018-19 + CAG",https://incometaxindia.gov.in/Pages/Direct-Taxes-Data.aspx,Annual Report,2019-12,"proxy; e-assessment scheme introduced"
FY2019-20,168,395,570,,,Estimated,"CBDT / Faceless Assessment Scheme 2019 + Parliament replies",https://incometaxindia.gov.in/Pages/Direct-Taxes-Data.aspx,Parliament replies,2020-12,"proxy; faceless assessment rollout"
FY2020-21,152,360,600,,,Estimated,"CBDT / Parliament replies + CAG",https://incometaxindia.gov.in/Pages/Direct-Taxes-Data.aspx,Parliament replies,2021-12,"proxy; faceless appeals launched Sep 2020; CIT(A) backlog kept rising"
FY2021-22,148,610,620,,,Estimated,"CBDT / Parliament replies (Sec 148 reassessment wave post-Finance Act 2021)",https://incometaxindia.gov.in/Pages/Direct-Taxes-Data.aspx,Parliament replies,2022-12,"proxy; large 148 reassessment-notice volume litigated to Supreme Court"
FY2022-23,150,470,635,,,Estimated,"CBDT / Parliament replies",https://incometaxindia.gov.in/Pages/Direct-Taxes-Data.aspx,Parliament replies,2023-12,"proxy; CIT(A) pendency ~5.4 lakh"
FY2023-24,155,430,625,,,Provisional,"Lok Sabha / Rajya Sabha replies — CIT(A) ~5.4 lakh + ITAT ~25k + HC ~45k",https://incometaxindia.gov.in/Pages/Direct-Taxes-Data.aspx,Parliament unstarred questions,2024-12,"CIT(A) pendency ~5.4 lakh appeals"
FY2024-25,158,410,607,,,Provisional,"Lok Sabha reply — CIT(A) 5.39 lakh (₹16.75 lakh cr) + ITAT 22,960 (₹3.64 lakh cr) + HC ~45k pending",https://incometaxindia.gov.in/Pages/Direct-Taxes-Data.aspx,Parliament unstarred question (2025),2025-07,"Sep-2024 monetary-limit hike for departmental appeals withdrew ~5,900 cases; slight dip in pendency"
FY2025-26,158,405,595,,,Estimated,"CBDT / Parliament replies (awaiting)",https://incometaxindia.gov.in/Pages/Direct-Taxes-Data.aspx,Parliament replies,2026-07,"proxy; provisional"
