period,blending_pct,ethanol_blended_crore_l,petrol_consumed_crore_l,forex_savings_rs_cr,crude_substituted_mt,revision,source_doc,source_url,page_ref,published_on,note
ESY2014-15,2.33,67,2875,2200,0.20,Actual,"PPAC — Ethanol Blended Petrol (EBP) Programme progress; PPAC Ready Reckoner",https://ppac.gov.in/,EBP progress table,2016-01,"Ethanol Supply Year (Dec-Nov). Blending % as published by PPAC."
ESY2015-16,3.51,111,3162,3600,0.32,Actual,"PPAC — EBP Programme progress",https://ppac.gov.in/,EBP progress table,2017-01,""
ESY2016-17,2.07,66,3188,2100,0.19,Actual,"PPAC — EBP Programme progress",https://ppac.gov.in/,EBP progress table,2018-01,"supply dip (drought-hit sugarcane)"
ESY2017-18,4.22,150,3555,4900,0.44,Actual,"PPAC — EBP Programme progress",https://ppac.gov.in/,EBP progress table,2019-01,""
ESY2018-19,4.90,189,3857,6100,0.55,Actual,"PPAC — EBP Programme progress",https://ppac.gov.in/,EBP progress table,2020-01,""
ESY2019-20,5.00,173,3460,5500,0.51,Actual,"PPAC — EBP Programme progress",https://ppac.gov.in/,EBP progress table,2021-01,"COVID-affected petrol demand"
ESY2020-21,8.10,302,3728,10100,0.90,Actual,"PPAC — EBP Programme progress",https://ppac.gov.in/,EBP progress table,2022-01,"programme acceleration"
ESY2021-22,10.02,433,4322,14000,1.28,Actual,"PPAC — EBP Programme progress; MoP&NG PIB",https://ppac.gov.in/,EBP progress table,2023-01,"10% blending achieved ~5 months ahead of Nov-2022 target"
ESY2022-23,12.10,502,4149,18500,1.50,Actual,"PPAC — EBP Programme progress",https://ppac.gov.in/,EBP progress table,2024-01,""
ESY2023-24,14.60,707,4842,24300,2.10,Actual,"PPAC — EBP Programme progress FY2023-24; MoP&NG PIB",https://ppac.gov.in/,EBP progress table,2024-11,"~14.6% average blending"
ESY2024-25,18.40,980,5326,32000,3.00,Provisional,"PPAC — EBP progress (provisional) / MoP&NG",https://ppac.gov.in/,EBP progress table,2025-08,"E20 approached; confirm final ESY figure"
ESY2025-26,19.80,1100,5556,40000,3.30,Estimated,"PPAC — Snapshot (monthly, YTD)",https://ppac.gov.in/,Snapshot — ethanol blending,2026-07,"estimated from YTD; replace with PPAC ESY2025-26 final. Forex-saving figures are MoP&NG claimed estimates (opportunity cost of feedstock not netted)."
