period,energy_availability_pct,energy_not_supplied_pct,rural_hrs_supply,urban_hrs_supply,revision,source_doc,source_url,page_ref,published_on,note
FY2014-15,96.6,3.4,12.5,22.0,Actual,"CEA — Load Generation Balance Report (LGBR) / Power Supply Position",https://cea.nic.in/,"Power Supply Position — energy requirement vs availability",2015-05,"availability % = energy supplied / energy requirement x 100. Rural/urban hrs from 24x7 Power For All / Saubhagya."
FY2015-16,97.8,2.2,14.0,22.5,Actual,"CEA — LGBR / Power Supply Position",https://cea.nic.in/,Power Supply Position,2016-05,""
FY2016-17,99.3,0.7,18.5,23.0,Actual,"CEA — LGBR / Power Supply Position",https://cea.nic.in/,Power Supply Position,2017-05,""
FY2017-18,99.4,0.6,20.0,23.2,Actual,"CEA — LGBR / Power Supply Position",https://cea.nic.in/,Power Supply Position,2018-05,"Saubhagya household electrification push"
FY2018-19,99.4,0.6,20.5,23.4,Actual,"CEA — LGBR / Power Supply Position",https://cea.nic.in/,Power Supply Position,2019-05,""
FY2019-20,99.5,0.5,20.6,23.5,Actual,"CEA — LGBR / Power Supply Position",https://cea.nic.in/,Power Supply Position,2020-05,""
FY2020-21,99.6,0.4,21.0,23.6,Actual,"CEA — LGBR / Power Supply Position",https://cea.nic.in/,Power Supply Position,2021-05,""
FY2021-22,99.2,0.8,20.8,23.4,Actual,"CEA — LGBR / Power Supply Position",https://cea.nic.in/,Power Supply Position,2022-05,"coal shortage + demand surge caused localised shortfalls"
FY2022-23,99.6,0.4,21.2,23.5,Actual,"CEA — LGBR / Power Supply Position",https://cea.nic.in/,Power Supply Position,2023-05,""
FY2023-24,99.5,0.5,21.4,23.6,Actual,"CEA — LGBR / Power Supply Position FY2023-24",https://cea.nic.in/,Power Supply Position,2024-05,"record peak demand"
FY2024-25,99.7,0.3,21.6,23.7,Provisional,"CEA — Power Supply Position (provisional)",https://cea.nic.in/,Power Supply Position,2025-05,"confirm"
FY2025-26,99.7,0.3,21.8,23.8,Estimated,"CEA — Power Supply Position (YTD)",https://cea.nic.in/,Power Supply Position (YTD),2026-07,"estimated from YTD"
